ts,t,h
"1481733351","18.0","38.0"
"1481733358","18.0","38.0"
"1481733360","18.0","38.0"
"1481733363","18.0","38.0"
"1481733369","18.0","38.0"
"1481733671","18.0","38.0"
"1481733971","18.0","38.0"
"1481734273","18.0","38.0"
"1481734574","18.0","38.0"
"1481734876","18.0","38.0"
"1481735178","18.0","38.0"
"1481735479","18.0","38.0"
"1481735780","18.0","38.0"
"1481736082","18.0","38.0"
"1481736383","18.0","38.0"
"1481736685","18.0","38.0"
"1481736987","18.0","38.0"
"1481737287","18.0","38.0"
"1481737588","18.0","38.0"
"1481737890","19.0","37.0"
"1481738190","19.0","39.0"
"1481738222","18.0","38.0"
"1481738227","18.0","38.0"
"1481738528","18.0","38.0"
"1481738830","19.0","37.0"
"1481739130","19.0","37.0"
"1481739431","19.0","37.0"
"1481739732","19.0","37.0"
"1481740032","19.0","37.0"
"1481740333","19.0","37.0"
"1481740634","19.0","37.0"
"1481740935","19.0","37.0"
"1481741538","20.0","37.0"
"1481741839","20.0","37.0"
"1481742139","20.0","37.0"
"1481742441","20.0","37.0"
"1481742742","20.0","37.0"
"1481743044","20.0","37.0"
"1481743647","20.0","37.0"
"1481743948","20.0","37.0"
"1481744249","20.0","37.0"
"1481744550","20.0","37.0"
"1481744851","20.0","37.0"
"1481745152","20.0","37.0"
"1481745452","20.0","37.0"
"1481745753","20.0","37.0"
"1481746054","20.0","37.0"
"1481746355","20.0","37.0"
"1481746657","20.0","37.0"
"1481746959","20.0","37.0"
"1481747259","20.0","37.0"
"1481747560","20.0","37.0"
"1481747861","20.0","38.0"
"1481748163","20.0","37.0"
"1481748464","20.0","37.0"
"1481748765","20.0","37.0"
"1481749065","20.0","37.0"
"1481749668","19.0","37.0"
"1481749970","19.0","37.0"
"1481750573","19.0","37.0"
"1481750874","19.0","37.0"
"1481751176","19.0","37.0"
"1481751780","19.0","37.0"
"1481752080","19.0","37.0"
"1481752382","19.0","37.0"
"1481752683","19.0","37.0"
"1481752983","19.0","37.0"
"1481753586","19.0","37.0"
"1481753887","19.0","37.0"
"1481754188","19.0","37.0"
"1481754489","19.0","37.0"
"1481754790","19.0","37.0"
"1481755091","19.0","37.0"
"1481755392","19.0","37.0"
"1481756297","19.0","37.0"
"1481756598","19.0","37.0"
"1481756899","19.0","37.0"
"1481757326","19.0","37.0"
"1481757929","19.0","37.0"
"1481758230","19.0","37.0"
"1481758530","19.0","37.0"
"1481758831","19.0","39.0"
"1481759132","19.0","37.0"
"1481759433","19.0","37.0"
"1481759734","19.0","37.0"
"1481760035","19.0","37.0"
"1481760335","19.0","37.0"
"1481760636","19.0","37.0"
"1481760937","19.0","37.0"
"1481761239","19.0","37.0"
"1481761539","19.0","37.0"
"1481761840","19.0","37.0"
"1481762445","19.0","37.0"
"1481762747","19.0","5.0"
"1481763349","19.0","37.0"
"1481763650","19.0","37.0"
"1481763952","19.0","37.0"
"1481764253","19.0","37.0"
"1481764554","19.0","37.0"
"1481764856","19.0","37.0"
"1481765157","19.0","37.0"
"1481765458","19.0","37.0"
"1481766363","19.0","37.0"
"1481766664","19.0","37.0"
"1481766964","19.0","37.0"
"1481767266","19.0","37.0"
"1481767567","19.0","37.0"
"1481767869","19.0","37.0"
"1481768169","19.0","37.0"
"1481768472","19.0","37.0"
"1481768772","19.0","37.0"
"1481769073","19.0","37.0"
"1481769374","19.0","37.0"
"1481769674","19.0","37.0"
"1481769975","19.0","37.0"
"1481770276","19.0","37.0"
"1481770578","19.0","37.0"
"1481770878","19.0","37.0"
"1481771179","19.0","37.0"
"1481771480","19.0","37.0"
"1481772083","19.0","37.0"
"1481772384","19.0","37.0"
"1481772686","19.0","37.0"
"1481772987","19.0","37.0"
"1481773287","19.0","37.0"
"1481773589","19.0","37.0"
"1481774192","19.0","37.0"
"1481774493","19.0","37.0"
"1481774793","19.0","37.0"
"1481775094","19.0","37.0"
"1481775396","19.0","37.0"
"1481775698","19.0","37.0"
"1481775999","19.0","37.0"
"1481776602","19.0","37.0"
"1481776902","19.0","37.0"
"1481777204","19.0","37.0"
"1481777505","19.0","37.0"
"1481778109","19.0","37.0"
"1481778411","19.0","37.0"
"1481778711","19.0","37.0"
"1481779012","18.0","38.0"
"1481779314","18.0","38.0"
"1481779614","19.0","37.0"
"1481779915","18.0","38.0"
"1481780216","18.0","38.0"
"1481780517","19.0","37.0"
"1481780817","18.0","38.0"
"1481781421","18.0","38.0"
"1481781722","19.0","37.0"
"1481782024","19.0","37.0"
"1481782628","18.0","38.0"
"1481782928","18.0","38.0"
"1481783230","18.0","38.0"
"1481783531","18.0","38.0"
"1481783833","19.0","37.0"
"1481784133","18.0","38.0"
"1481784435","19.0","37.0"
"1481784736","19.0","37.0"
"1481785036","19.0","37.0"
"1481785338","19.0","37.0"
"1481785639","19.0","37.0"
"1481786243","20.0","37.0"
"1481786545","20.0","37.0"
"1481786845","20.0","37.0"
"1481787146","20.0","37.0"
"1481787448","20.0","37.0"
"1481787749","20.0","37.0"
"1481788051","20.0","37.0"
"1481788353","20.0","37.0"
"1481788653","20.0","37.0"
"1481788954","20.0","37.0"
"1481789255","20.0","37.0"
"1481789557","20.0","37.0"
"1481789858","20.0","37.0"
"1481790160","20.0","37.0"
"1481790763","20.0","37.0"
"1481791064","20.0","37.0"
"1481791366","20.0","37.0"
"1481791667","20.0","38.0"
"1481791968","20.0","37.0"
"1481792270","20.0","37.0"
"1481792571","20.0","37.0"
"1481792873","20.0","37.0"
"1481793173","20.0","37.0"
"1481793474","20.0","38.0"
"1481794078","20.0","38.0"
"1481794450","20.0","37.0"
"1481794751","20.0","5.0"
"1481795052","20.0","37.0"
"1481795354","20.0","37.0"
"1481795656","20.0","37.0"
"1481795957","20.0","37.0"
"1481796258","20.0","37.0"
"1481796860","20.0","37.0"
"1481797161","20.0","37.0"
"1481797331","20.0","37.0"
"1481797631","20.0","37.0"
"1481797933","20.0","37.0"
"1481798233","20.0","37.0"
"1481806737","19.0","37.0"
"1481807038","19.0","37.0"
"1481807340","19.0","37.0"
"1481807642","19.0","37.0"
"1481807943","19.0","37.0"
"1481808547","19.0","37.0"
"1481808848","19.0","37.0"
"1481809149","19.0","38.0"
"1481809450","19.0","38.0"
"1481809751","19.0","37.0"
"1481810051","19.0","38.0"
"1481810353","19.0","37.0"
"1481810654","19.0","37.0"
"1481810956","19.0","37.0"
"1481811258","19.0","37.0"
"1481811558","19.0","37.0"
"1481811859","19.0","37.0"
"1481812160","19.0","37.0"
"1481812764","19.0","37.0"
"1481813368","19.0","37.0"
"1481813668","19.0","37.0"
"1481813969","19.0","38.0"
"1481814270","19.0","38.0"
"1481814571","19.0","37.0"
"1481815173","19.0","37.0"
"1481815776","19.0","37.0"
"1481816077","19.0","37.0"
"1481816681","19.0","37.0"
"1481816982","19.0","37.0"
"1481817283","19.0","38.0"
"1481817885","19.0","37.0"
"1481818187","19.0","37.0"
"1481819395","19.0","37.0"
"1481819696","19.0","37.0"
"1481819997","19.0","37.0"
"1481820600","19.0","37.0"
"1481820901","19.0","38.0"
"1481821201","19.0","38.0"
"1481821502","19.0","38.0"
"1481821802","19.0","38.0"
"1481822405","19.0","37.0"
"1481822706","19.0","38.0"
"1481823008","19.0","37.0"
"1481823309","19.0","37.0"
"1481823610","19.0","38.0"
"1481823911","19.0","38.0"
"1481824212","19.0","37.0"
"1481824514","19.0","37.0"
"1481824815","19.0","38.0"
"1481825116","19.0","37.0"
"1481825417","19.0","37.0"
"1481825718","19.0","37.0"
"1481826321","20.0","38.0"
"1481826623","20.0","38.0"
"1481826923","20.0","37.0"
"1481827225","19.0","38.0"
"1481827526","20.0","37.0"
"1481827827","20.0","37.0"
"1481828129","20.0","37.0"
"1481828432","20.0","38.0"
"1481829036","20.0","37.0"
"1481829338","20.0","38.0"
"1481829943","21.0","36.0"
"1481830854","20.0","38.0"
"1481831156","20.0","38.0"
"1481831459","20.0","37.0"
"1481831761","20.0","37.0"
"1481832063","20.0","38.0"
"1481832364","20.0","37.0"
"1481832665","20.0","38.0"
"1481832966","20.0","38.0"
"1481833268","19.0","38.0"
"1481833569","19.0","38.0"
"1481833870","19.0","38.0"
"1481834170","20.0","38.0"
"1481834471","20.0","38.0"
"1481834772","20.0","38.0"
"1481835073","20.0","37.0"
"1481835374","20.0","38.0"
"1481835676","20.0","38.0"
"1481835978","20.0","37.0"
"1481836280","20.0","37.0"
"1481836582","20.0","37.0"
"1481836882","20.0","37.0"
"1481837183","20.0","38.0"
"1481837484","20.0","37.0"
"1481837785","20.0","37.0"
"1481838086","20.0","38.0"
"1481838387","20.0","38.0"
"1481838688","20.0","38.0"
"1481838989","20.0","38.0"
"1481839290","19.0","38.0"
"1481839591","19.0","37.0"
"1481839893","20.0","39.0"
"1481840193","19.0","37.0"
"1481840494","19.0","38.0"
"1481840795","19.0","37.0"
"1481841096","19.0","38.0"
"1481841397","19.0","37.0"
"1481841698","19.0","37.0"
"1481841999","19.0","37.0"
"1481842602","20.0","38.0"
"1481842904","20.0","38.0"
"1481843508","19.0","38.0"
"1481843809","19.0","38.0"
"1481844111","19.0","38.0"
"1481844413","19.0","37.0"
"1481844715","19.0","37.0"
"1481845016","19.0","37.0"
"1481845316","19.0","38.0"
"1481845617","19.0","38.0"
"1481845918","19.0","37.0"
"1481846219","19.0","38.0"
"1481846520","19.0","38.0"
"1481846822","19.0","38.0"
"1481847728","19.0","37.0"
"1481848030","19.0","37.0"
"1481848333","19.0","37.0"
"1481848633","19.0","37.0"
"1481848934","19.0","38.0"
"1481849235","19.0","38.0"
"1481849537","19.0","38.0"
"1481849838","19.0","37.0"
"1481850139","19.0","38.0"
"1481850440","19.0","38.0"
"1481850742","19.0","37.0"
"1481851042","19.0","37.0"
"1481851343","19.0","38.0"
"1481851645","19.0","37.0"
"1481851947","19.0","37.0"
"1481852248","19.0","38.0"
"1481852549","19.0","37.0"
"1481852851","19.0","37.0"
"1481853151","19.0","37.0"
"1481853452","19.0","38.0"
"1481853752","19.0","38.0"
"1481854053","19.0","39.0"
"1481854656","19.0","37.0"
"1481854957","19.0","37.0"
"1481855258","19.0","38.0"
"1481855559","19.0","38.0"
"1481856162","19.0","38.0"
"1481856463","19.0","37.0"
"1481857067","19.0","37.0"
"1481857368","19.0","37.0"
"1481857972","19.0","37.0"
"1481858273","19.0","38.0"
"1481858573","19.0","37.0"
"1481859176","19.0","38.0"
"1481859478","19.0","37.0"
"1481859778","19.0","37.0"
"1481860080","19.0","37.0"
"1481860381","19.0","38.0"
"1481860683","19.0","37.0"
"1481860985","19.0","37.0"
"1481861589","19.0","37.0"
"1481861890","19.0","38.0"
"1481862191","19.0","38.0"
"1481862493","19.0","37.0"
"1481863095","19.0","37.0"
"1481863397","19.0","37.0"
"1481863697","19.0","37.0"
"1481863999","19.0","37.0"
"1481864301","19.0","37.0"
"1481864603","19.0","37.0"
"1481864905","19.0","37.0"
"1481865207","19.0","37.0"
"1481865508","19.0","38.0"
"1481865808","19.0","37.0"
"1481866109","19.0","38.0"
"1481866411","19.0","37.0"
"1481867013","19.0","39.0"
"1481867315","18.0","38.0"
"1481867616","18.0","38.0"
"1481867918","18.0","38.0"
"1481868218","18.0","38.0"
"1481868519","19.0","38.0"
"1481868819","18.0","39.0"
"1481869121","18.0","38.0"
"1481869423","19.0","37.0"
"1481869725","18.0","38.0"
"1481870025","18.0","38.0"
"1481870326","18.0","39.0"
"1481870628","18.0","38.0"
"1481871232","18.0","38.0"
"1481871533","18.0","39.0"
"1481871834","18.0","38.0"
"1481872135","18.0","39.0"
"1481872436","18.0","38.0"
"1481872737","18.0","38.0"
"1481873038","18.0","38.0"
"1481873339","18.0","38.0"
"1481873639","18.0","39.0"
"1481873941","18.0","38.0"
"1481874243","18.0","38.0"
"1481874545","18.0","38.0"
"1481874846","18.0","39.0"
"1481875147","18.0","38.0"
"1481875448","18.0","38.0"
"1481875750","19.0","37.0"
"1481876354","19.0","37.0"
"1481876655","19.0","37.0"
"1481876955","19.0","38.0"
"1481877558","19.0","37.0"
"1481878463","20.0","37.0"
"1481879065","20.0","37.0"
"1481879366","20.0","38.0"
"1481879666","20.0","38.0"
"1481879968","20.0","37.0"
"1481880270","20.0","37.0"
"1481880570","20.0","37.0"
"1481881476","20.0","37.0"
"1481881778","21.0","36.0"
"1481882079","21.0","36.0"
"1481882381","21.0","36.0"
"1481882682","21.0","36.0"
"1481882984","21.0","36.0"
"1481883284","21.0","36.0"
"1481883586","21.0","36.0"
"1481883887","21.0","36.0"
"1481884189","21.0","36.0"
"1481884491","21.0","36.0"
"1481884792","21.0","36.0"
"1481885093","21.0","37.0"
"1481885395","22.0","36.0"
"1481885695","22.0","36.0"
"1481885997","22.0","36.0"
"1481886299","22.0","36.0"
"1481886600","22.0","36.0"
"1481886902","22.0","36.0"
"1481887202","22.0","36.0"
"1481887806","21.0","36.0"
"1481888108","21.0","36.0"
"1481888409","21.0","37.0"
"1481888710","21.0","36.0"
"1481889011","21.0","37.0"
"1481889312","21.0","36.0"
"1481889613","21.0","37.0"
"1481889914","21.0","37.0"
"1481890216","21.0","36.0"
"1481890518","21.0","36.0"
"1481890818","21.0","36.0"
"1481891119","21.0","37.0"
"1481891421","21.0","36.0"
"1481891721","21.0","37.0"
"1481892022","21.0","37.0"
"1481892323","21.0","37.0"
"1481892926","21.0","37.0"
"1481893226","21.0","36.0"
"1481893527","21.0","37.0"
"1481893827","21.0","37.0"
"1481894129","21.0","36.0"
"1481894430","21.0","36.0"
"1481894731","20.0","38.0"
"1481895032","21.0","36.0"
"1481895332","20.0","38.0"
"1481895633","20.0","38.0"
"1481895934","20.0","40.0"
"1481896235","20.0","38.0"
"1481896535","20.0","38.0"
"1481896837","20.0","38.0"
"1481897138","20.0","38.0"
"1481897438","20.0","38.0"
"1481897739","20.0","38.0"
"1481898041","20.0","38.0"
"1481898341","20.0","37.0"
"1481898642","20.0","38.0"
"1481898943","20.0","38.0"
"1481899244","20.0","38.0"
"1481899545","20.0","37.0"
"1481899845","20.0","38.0"
"1481900146","20.0","38.0"
"1481900447","20.0","38.0"
"1481900748","20.0","37.0"
"1481901049","20.0","38.0"
"1481901350","20.0","38.0"
"1481901651","20.0","38.0"
"1481901952","20.0","37.0"
"1481902254","20.0","38.0"
"1481902555","20.0","38.0"
"1481902856","20.0","37.0"
"1481903156","20.0","38.0"
"1481903457","20.0","38.0"
"1481903758","20.0","38.0"
"1481904059","20.0","38.0"
"1481904360","20.0","38.0"
"1481904662","20.0","38.0"
"1481904962","20.0","37.0"
"1481905566","20.0","37.0"
"1481905868","20.0","38.0"
"1481906168","20.0","37.0"
"1481906469","20.0","38.0"
"1481906770","20.0","38.0"
"1481907070","20.0","38.0"
"1481907372","20.0","38.0"
"1481907673","20.0","38.0"
"1481907973","20.0","38.0"
"1481908275","20.0","38.0"
"1481908576","20.0","38.0"
"1481908877","20.0","37.0"
"1481909177","20.0","38.0"
"1481909478","20.0","38.0"
"1481909778","20.0","38.0"
"1481910079","20.0","38.0"
"1481910380","20.0","38.0"
"1481910682","20.0","38.0"
"1481911284","20.0","37.0"
"1481911585","20.0","38.0"
"1481911886","20.0","38.0"
"1481912186","20.0","38.0"
"1481913091","20.0","37.0"
"1481913391","20.0","38.0"
"1481913692","20.0","38.0"
"1481913993","20.0","38.0"
"1481914293","20.0","38.0"
"1481914595","20.0","37.0"
"1481915198","20.0","38.0"
"1481915498","20.0","37.0"
"1481915799","20.0","38.0"
"1481916402","20.0","38.0"
"1481916703","19.0","38.0"
"1481917003","20.0","38.0"
"1481917304","20.0","38.0"
"1481917605","20.0","38.0"
"1481917906","19.0","38.0"
"1481918207","20.0","38.0"
"1481918508","20.0","38.0"
"1481918809","19.0","38.0"
"1481919109","19.0","37.0"
"1481919410","19.0","38.0"
"1481919711","19.0","38.0"
"1481920012","19.0","38.0"
"1481920313","19.0","38.0"
"1481920613","19.0","37.0"
"1481920914","19.0","38.0"
"1481921215","19.0","38.0"
"1481921516","19.0","37.0"
"1481921817","19.0","38.0"
"1481922118","19.0","38.0"
"1481922419","19.0","38.0"
"1481922720","19.0","38.0"
"1481923020","19.0","38.0"
"1481923321","19.0","38.0"
"1481923622","19.0","37.0"
"1481923922","19.0","38.0"
"1481924224","19.0","38.0"
"1481924524","19.0","38.0"
"1481924825","19.0","38.0"
"1481925428","19.0","38.0"
"1481925729","19.0","37.0"
"1481926030","19.0","38.0"
"1481926331","19.0","38.0"
"1481926632","19.0","38.0"
"1481926932","19.0","38.0"
"1481927233","19.0","38.0"
"1481927535","19.0","37.0"
"1481927836","19.0","37.0"
"1481928030","19.0","38.0"
"1481928331","19.0","38.0"
"1481928632","19.0","38.0"
"1481928933","19.0","38.0"
"1481929234","19.0","38.0"
"1481929534","19.0","38.0"
"1481929835","19.0","38.0"
"1481930136","19.0","38.0"
"1481930436","19.0","38.0"
"1481930738","19.0","38.0"
"1481931038","19.0","37.0"
"1481931339","19.0","38.0"
"1481931639","19.0","38.0"
"1481931941","19.0","38.0"
"1481932243","19.0","38.0"
"1481932545","19.0","38.0"
"1481932846","19.0","38.0"
"1481933148","19.0","38.0"
"1481933450","19.0","38.0"
"1481933751","19.0","38.0"
"1481934051","19.0","38.0"
"1481934955","19.0","38.0"
"1481935256","19.0","38.0"
"1481935557","19.0","38.0"
"1481935857","19.0","38.0"
"1481936460","19.0","38.0"
"1481936761","19.0","38.0"
"1481937062","19.0","38.0"
"1481937363","19.0","38.0"
"1481937965","19.0","37.0"
"1481938266","19.0","38.0"
"1481938567","19.0","38.0"
"1481938867","19.0","38.0"
"1481939772","19.0","37.0"
"1481940073","19.0","38.0"
"1481940375","19.0","38.0"
"1481940675","19.0","38.0"
"1481940976","19.0","38.0"
"1481941277","19.0","38.0"
"1481941578","19.0","38.0"
"1481941880","19.0","38.0"
"1481942181","19.0","38.0"
"1481942481","19.0","38.0"
"1481942782","19.0","38.0"
"1481943082","19.0","38.0"
"1481943383","19.0","38.0"
"1481943684","19.0","38.0"
"1481943985","18.0","39.0"
"1481944285","19.0","38.0"
"1481944586","19.0","38.0"
"1481945188","19.0","37.0"
"1481945489","19.0","38.0"
"1481946091","18.0","38.0"
"1481946694","19.0","38.0"
"1481946995","18.0","40.0"
"1481947295","19.0","38.0"
"1481947596","18.0","39.0"
"1481947897","18.0","39.0"
"1481948199","18.0","39.0"
"1481948499","19.0","37.0"
"1481948800","18.0","39.0"
"1481949100","19.0","38.0"
"1481949401","18.0","39.0"
"1481949703","18.0","38.0"
"1481950004","18.0","39.0"
"1481950305","18.0","38.0"
"1481950606","18.0","39.0"
"1481950906","18.0","38.0"
"1481951207","18.0","39.0"
"1481951508","18.0","38.0"
"1481952111","18.0","39.0"
"1481952413","18.0","38.0"
"1481952714","18.0","39.0"
"1481953014","18.0","38.0"
"1481953315","18.0","39.0"
"1481953616","18.0","39.0"
"1481953917","18.0","39.0"
"1481954218","18.0","38.0"
"1481954518","18.0","39.0"
"1481954819","18.0","39.0"
"1481955121","18.0","38.0"
"1481955423","18.0","39.0"
"1481955723","18.0","38.0"
"1481956024","18.0","39.0"
"1481956325","18.0","38.0"
"1481956626","18.0","38.0"
"1481956928","18.0","38.0"
"1481957531","18.0","39.0"
"1481957832","18.0","38.0"
"1481958133","18.0","39.0"
"1481958433","18.0","38.0"
"1481958734","18.0","39.0"
"1481959034","18.0","39.0"
"1481959335","18.0","39.0"
"1481959637","18.0","38.0"
"1481960240","18.0","39.0"
"1481960541","18.0","39.0"
"1481960841","18.0","38.0"
"1481961142","18.0","39.0"
"1481961442","18.0","39.0"
"1481961743","18.0","39.0"
"1481962044","18.0","39.0"
"1481962948","19.0","37.0"
"1481963248","19.0","38.0"
"1481963549","19.0","38.0"
"1481963850","19.0","38.0"
"1481964150","19.0","38.0"
"1481964451","19.0","38.0"
"1481964752","19.0","38.0"
"1481965053","19.0","38.0"
"1481965355","20.0","39.0"
"1481965656","19.0","38.0"
"1481965956","19.0","38.0"
"1481966257","19.0","38.0"
"1481966558","19.0","38.0"
"1481966858","19.0","38.0"
"1481967159","19.0","38.0"
"1481967460","19.0","38.0"
"1481967761","19.0","38.0"
"1481968062","19.0","38.0"
"1481968362","19.0","38.0"
"1481968663","19.0","38.0"
"1481968964","19.0","38.0"
"1481969266","19.0","38.0"
"1481969567","19.0","38.0"
"1481969867","19.0","38.0"
"1481970169","19.0","38.0"
"1481970470","19.0","38.0"
"1481970771","19.0","38.0"
"1481971072","19.0","37.0"
"1481971374","19.0","38.0"
"1481971976","19.0","37.0"
"1481972277","19.0","38.0"
"1481972577","19.0","38.0"
"1481973180","19.0","37.0"
"1481973481","19.0","38.0"
"1481973781","19.0","37.0"
"1481974082","19.0","38.0"
"1481974382","19.0","38.0"
"1481974683","19.0","38.0"
"1481974983","19.0","38.0"
"1481975285","19.0","37.0"
"1481975887","19.0","37.0"
"1481976189","19.0","37.0"
"1481976490","19.0","37.0"
"1481977093","19.0","38.0"
"1481977395","19.0","37.0"
"1481977695","19.0","37.0"
"1481978298","19.0","38.0"
"1481978599","19.0","37.0"
"1481978900","19.0","37.0"
"1481979502","19.0","37.0"
"1481979803","19.0","38.0"
"1481980104","19.0","38.0"
"1481980706","19.0","37.0"
"1481981007","19.0","38.0"
"1481981309","19.0","37.0"
"1481981609","19.0","38.0"
"1481981910","19.0","38.0"
"1481982512","19.0","37.0"
"1481982813","19.0","38.0"
"1481983115","19.0","37.0"
"1481983415","19.0","39.0"
"1481983717","19.0","37.0"
"1481984019","19.0","37.0"
"1481984320","19.0","38.0"
"1481984621","18.0","38.0"
"1481984921","19.0","38.0"
"1481985223","18.0","38.0"
"1481985524","18.0","39.0"
"1481985824","18.0","38.0"
"1481986428","18.0","38.0"
"1481986729","18.0","39.0"
"1481987030","18.0","39.0"
"1481987331","18.0","39.0"
"1481987632","18.0","39.0"
"1481987932","18.0","38.0"
"1481988233","18.0","39.0"
"1481988533","18.0","39.0"
"1481988835","18.0","38.0"
"1481989136","18.0","38.0"
"1481989436","18.0","39.0"
"1481989737","18.0","39.0"
"1481990037","18.0","39.0"
"1481990338","18.0","39.0"
"1481990940","18.0","38.0"
"1481991241","18.0","39.0"
"1481991542","18.0","38.0"
"1481991843","18.0","39.0"
"1481992144","18.0","38.0"
"1481992444","18.0","39.0"
"1481992745","18.0","39.0"
"1481993046","18.0","39.0"
"1481993346","18.0","39.0"
"1481993647","18.0","39.0"
"1481993948","18.0","38.0"
"1481994249","18.0","39.0"
"1481994852","18.0","38.0"
"1481995154","18.0","38.0"
"1481995455","18.0","39.0"
"1481995756","18.0","39.0"
"1481996056","18.0","38.0"
"1481996358","18.0","38.0"
"1481996659","18.0","38.0"
"1481996961","19.0","38.0"
"1481997262","19.0","38.0"
"1481997563","19.0","38.0"
"1481997863","19.0","38.0"
"1481998466","19.0","37.0"
"1481998767","19.0","38.0"
"1481999069","19.0","38.0"
"1481999369","19.0","37.0"
"1481999670","19.0","38.0"
"1481999970","19.0","38.0"
"1482000271","20.0","38.0"
"1482000572","20.0","38.0"
"1482000873","20.0","38.0"
"1482001174","20.0","38.0"
"1482001474","20.0","38.0"
"1482001775","20.0","38.0"
"1482002076","20.0","39.0"
"1482002378","20.0","37.0"
"1482002980","19.0","37.0"
"1482003282","20.0","38.0"
"1482003583","19.0","37.0"
"1482003883","19.0","38.0"
"1482004486","19.0","37.0"
"1482004786","19.0","38.0"
"1482005088","19.0","38.0"
"1482005389","19.0","38.0"
"1482005690","19.0","38.0"
"1482005992","19.0","37.0"
"1482006292","19.0","37.0"
"1482006593","19.0","38.0"
"1482006894","19.0","38.0"
"1482007196","19.0","38.0"
"1482007497","19.0","38.0"
"1482007798","19.0","38.0"
"1482008099","19.0","38.0"
"1482008400","19.0","38.0"
"1482008701","19.0","38.0"
"1482009304","19.0","38.0"
"1482009605","19.0","38.0"
"1482009906","19.0","38.0"
"1482010207","19.0","38.0"
"1482010508","19.0","38.0"
"1482010809","19.0","38.0"
"1482011413","19.0","38.0"
"1482011714","19.0","38.0"
"1482012317","19.0","37.0"
"1482012617","19.0","38.0"
"1482012918","19.0","38.0"
"1482013220","19.0","38.0"
"1482013523","19.0","38.0"
"1482014126","19.0","37.0"
"1482014429","19.0","38.0"
"1482014729","19.0","37.0"
"1482015030","19.0","38.0"
"1482015330","19.0","38.0"
"1482015632","19.0","38.0"
"1482015932","19.0","37.0"
"1482016536","20.0","38.0"
"1482016838","19.0","38.0"
"1482018044","19.0","37.0"
"1482018345","19.0","38.0"
"1482018646","19.0","38.0"
"1482018947","19.0","37.0"
"1482019248","19.0","38.0"
"1482019548","19.0","38.0"
"1482019849","19.0","38.0"
"1482020150","19.0","38.0"
"1482020451","19.0","38.0"
"1482020751","19.0","38.0"
"1482021052","19.0","38.0"
"1482021354","19.0","37.0"
"1482021654","19.0","37.0"
"1482021955","19.0","38.0"
"1482022557","19.0","37.0"
"1482022858","19.0","38.0"
"1482023159","19.0","37.0"
"1482023460","19.0","38.0"
"1482023760","19.0","37.0"
"1482024968","19.0","37.0"
"1482025269","19.0","38.0"
"1482025570","19.0","38.0"
"1482025872","19.0","37.0"
"1482026172","19.0","37.0"
"1482026473","19.0","38.0"
"1482026774","19.0","38.0"
"1482027074","19.0","38.0"
"1482027375","18.0","39.0"
"1482027676","19.0","38.0"
"1482027977","18.0","38.0"
"1482028277","18.0","39.0"
"1482028578","19.0","38.0"
"1482028879","18.0","39.0"
"1482029180","18.0","38.0"
"1482029481","18.0","39.0"
"1482030386","18.0","38.0"
"1482030687","18.0","39.0"
"1482030988","18.0","39.0"
"1482031289","18.0","38.0"
"1482031589","18.0","39.0"
"1482031890","18.0","39.0"
"1482032192","18.0","38.0"
"1482032492","18.0","38.0"
"1482032793","18.0","39.0"
"1482033094","18.0","38.0"
"1482033396","18.0","38.0"
"1482033696","18.0","38.0"
"1482033997","18.0","41.0"
"1482034297","18.0","39.0"
"1482034598","18.0","39.0"
"1482035201","18.0","38.0"
"1482035501","18.0","39.0"
"1482035802","18.0","39.0"
"1482036102","18.0","39.0"
"1482036403","18.0","39.0"
"1482037006","18.0","38.0"
"1482037307","18.0","39.0"
"1482037607","18.0","38.0"
"1482038210","18.0","39.0"
"1482038512","18.0","38.0"
"1482038812","18.0","38.0"
"1482039113","18.0","39.0"
"1482040018","18.0","39.0"
"1482040620","18.0","38.0"
"1482040921","18.0","39.0"
"1482041221","18.0","39.0"
"1482041522","18.0","39.0"
"1482042125","18.0","38.0"
"1482042727","18.0","38.0"
"1482043028","18.0","39.0"
"1482043328","18.0","39.0"
"1482043629","18.0","39.0"
"1482043929","18.0","39.0"
"1482044230","18.0","39.0"
"1482044532","18.0","38.0"
"1482044834","18.0","38.0"
"1482045136","18.0","38.0"
"1482045437","18.0","39.0"
"1482045737","18.0","38.0"
"1482046038","18.0","39.0"
"1482046340","18.0","39.0"
"1482046641","18.0","39.0"
"1482046941","18.0","39.0"
"1482047242","18.0","39.0"
"1482047543","18.0","39.0"
"1482048146","18.0","38.0"
"1482048447","18.0","38.0"
"1482048747","18.0","39.0"
"1482049048","18.0","39.0"
"1482049349","19.0","38.0"
"1482049650","19.0","37.0"
"1482049951","19.0","38.0"
"1482050253","19.0","37.0"
"1482050553","19.0","37.0"
"1482050854","19.0","38.0"
"1482051156","20.0","38.0"
"1482051456","19.0","37.0"
"1482051757","20.0","39.0"
"1482052057","20.0","38.0"
"1482052358","20.0","38.0"
"1482052659","20.0","38.0"
"1482052959","20.0","38.0"
"1482053260","20.0","38.0"
"1482053560","20.0","38.0"
"1482053861","20.0","38.0"
"1482054161","20.0","38.0"
"1482054462","20.0","38.0"
"1482054764","20.0","38.0"
"1482055064","20.0","37.0"
"1482055366","20.0","38.0"
"1482055667","20.0","38.0"
"1482055968","20.0","37.0"
"1482056270","20.0","37.0"
"1482056570","20.0","37.0"
"1482056871","20.0","38.0"
"1482057172","20.0","38.0"
"1482057472","20.0","38.0"
"1482057773","20.0","38.0"
"1482058074","20.0","38.0"
"1482058374","20.0","38.0"
"1482058675","20.0","38.0"
"1482058977","20.0","38.0"
"1482059277","20.0","37.0"
"1482059578","20.0","38.0"
"1482059879","19.0","38.0"
"1482060181","20.0","38.0"
"1482060482","19.0","38.0"
"1482060784","19.0","38.0"
"1482061085","19.0","38.0"
"1482061385","19.0","38.0"
"1482061686","19.0","38.0"
"1482061987","19.0","38.0"
"1482062289","19.0","38.0"
"1482062589","19.0","38.0"
"1482062890","20.0","38.0"
"1482063191","19.0","38.0"
"1482063492","19.0","38.0"
"1482063792","19.0","38.0"
"1482064093","19.0","38.0"
"1482064394","19.0","38.0"
"1482064695","19.0","38.0"
"1482064996","19.0","38.0"
"1482065297","19.0","38.0"
"1482065598","19.0","38.0"
"1482065898","19.0","38.0"
"1482066200","19.0","38.0"
"1482066502","19.0","37.0"
"1482066802","19.0","37.0"
"1482067103","19.0","38.0"
"1482067404","19.0","38.0"
"1482067705","19.0","38.0"
"1482068005","19.0","38.0"
"1482068306","19.0","38.0"
"1482068608","19.0","37.0"
"1482068908","19.0","37.0"
"1482069209","19.0","38.0"
"1482069509","19.0","38.0"
"1482069810","19.0","38.0"
"1482070413","19.0","38.0"
"1482070714","19.0","38.0"
"1482071015","19.0","38.0"
"1482071316","19.0","38.0"
"1482071616","19.0","38.0"
"1482071918","20.0","38.0"
"1482072218","20.0","37.0"
"1482072519","20.0","38.0"
"1482072820","20.0","38.0"
"1482073086","20.0","38.0"
"1482073387","20.0","38.0"
"1482073689","20.0","38.0"
"1482073990","20.0","37.0"
"1482074290","20.0","38.0"
"1482074591","20.0","38.0"
"1482075195","20.0","38.0"
"1482075495","20.0","37.0"
"1482075797","20.0","38.0"
"1482076098","20.0","38.0"
"1482076400","19.0","38.0"
"1482076700","20.0","37.0"
"1482077001","19.0","38.0"
"1482077603","19.0","37.0"
"1482077904","19.0","38.0"
"1482078204","19.0","38.0"
"1482078505","20.0","38.0"
"1482078806","19.0","38.0"
"1482079107","19.0","38.0"
"1482079409","19.0","38.0"
"1482079710","19.0","38.0"
"1482080010","19.0","38.0"
"1482080311","19.0","38.0"
"1482080612","19.0","38.0"
"1482080913","19.0","38.0"
"1482081214","19.0","38.0"
"1482081514","19.0","38.0"
"1482081815","19.0","38.0"
"1482082116","20.0","38.0"
"1482082417","20.0","38.0"
"1482082718","20.0","39.0"
"1482083018","20.0","38.0"
"1482083319","20.0","38.0"
"1482083619","20.0","38.0"
"1482083920","20.0","38.0"
"1482084220","20.0","38.0"
"1482084521","19.0","38.0"
"1482084821","19.0","38.0"
"1482085122","19.0","38.0"
"1482085422","19.0","38.0"
"1482085723","19.0","38.0"
"1482086024","19.0","38.0"
"1482086325","19.0","38.0"
"1482086625","19.0","38.0"
"1482086927","19.0","38.0"
"1482087228","19.0","38.0"
"1482088133","19.0","38.0"
"1482088434","20.0","38.0"
"1482088735","19.0","38.0"
"1482089036","20.0","38.0"
"1482089639","20.0","38.0"
"1482090242","20.0","38.0"
"1482090543","20.0","38.0"
"1482090845","19.0","38.0"
"1482091146","19.0","38.0"
"1482091447","20.0","38.0"
"1482091748","19.0","38.0"
"1482092048","19.0","38.0"
"1482092350","19.0","38.0"
"1482092650","19.0","38.0"
"1482092951","19.0","38.0"
"1482093251","19.0","38.0"
"1482093552","20.0","38.0"
"1482093853","19.0","38.0"
"1482094154","20.0","38.0"
"1482094455","20.0","38.0"
"1482094756","20.0","38.0"
"1482095058","20.0","38.0"
"1482095358","20.0","38.0"
"1482095659","20.0","38.0"
"1482095960","20.0","38.0"
"1482096260","20.0","38.0"
"1482096561","20.0","38.0"
"1482096862","20.0","38.0"
"1482097464","20.0","38.0"
"1482098067","20.0","38.0"
"1482098367","20.0","38.0"
"1482098668","20.0","38.0"
"1482098969","20.0","38.0"
"1482099572","20.0","38.0"
"1482099873","20.0","38.0"
"1482100175","19.0","38.0"
"1482100476","19.0","38.0"
"1482101079","19.0","38.0"
"1482101380","19.0","38.0"
"1482101681","20.0","38.0"
"1482101982","19.0","38.0"
"1482102283","19.0","38.0"
"1482103188","20.0","38.0"
"1482103490","20.0","38.0"
"1482103793","20.0","38.0"
"1482104700","20.0","38.0"
"1482105000","20.0","38.0"
"1482105301","20.0","38.0"
"1482105602","20.0","38.0"
"1482105902","20.0","38.0"
"1482106203","20.0","38.0"
"1482106504","20.0","38.0"
"1482106805","20.0","38.0"
"1482107106","20.0","38.0"
"1482107407","20.0","38.0"
"1482107708","20.0","38.0"
"1482108008","20.0","38.0"
"1482108309","20.0","38.0"
"1482108610","20.0","38.0"
"1482108912","20.0","38.0"
"1482109212","20.0","38.0"
"1482109513","20.0","38.0"
"1482109814","20.0","38.0"
"1482110115","20.0","38.0"
"1482110416","19.0","38.0"
"1482110717","19.0","38.0"
"1482111017","19.0","38.0"
"1482111319","19.0","38.0"
"1482111620","19.0","38.0"
"1482111920","19.0","38.0"
"1482112523","19.0","38.0"
"1482112824","19.0","38.0"
"1482113126","19.0","38.0"
"1482113426","19.0","38.0"
"1482114029","19.0","38.0"
"1482114330","19.0","38.0"
"1482114631","19.0","38.0"
"1482114932","19.0","38.0"
"1482115233","19.0","38.0"
"1482115534","19.0","38.0"
"1482115835","19.0","38.0"
"1482116136","19.0","38.0"
"1482116436","19.0","38.0"
"1482116737","19.0","38.0"
"1482117038","19.0","39.0"
"1482117339","19.0","38.0"
"1482117640","19.0","38.0"
"1482117940","19.0","38.0"
"1482118241","19.0","38.0"
"1482118542","19.0","38.0"
"1482118842","19.0","38.0"
"1482119143","19.0","38.0"
"1482119445","19.0","38.0"
"1482119746","19.0","38.0"
"1482120349","19.0","38.0"
"1482120649","19.0","38.0"
"1482120950","19.0","38.0"
"1482121251","19.0","38.0"
"1482121552","19.0","38.0"
"1482121852","19.0","38.0"
"1482122154","19.0","38.0"
"1482122455","19.0","38.0"
"1482122757","19.0","38.0"
"1482123059","19.0","38.0"
"1482123360","19.0","38.0"
"1482123661","18.0","39.0"
"1482123962","19.0","38.0"
"1482124263","19.0","38.0"
"1482124563","19.0","38.0"
"1482124864","19.0","38.0"
"1482125165","18.0","39.0"
"1482125466","18.0","39.0"
"1482125766","18.0","39.0"
"1482126067","18.0","39.0"
"1482126369","18.0","39.0"
"1482126670","18.0","39.0"
"1482126970","18.0","39.0"
"1482127271","18.0","39.0"
"1482127571","18.0","39.0"
"1482127872","18.0","39.0"
"1482128173","18.0","39.0"
"1482128473","18.0","39.0"
"1482128774","18.0","39.0"
"1482129074","18.0","39.0"
"1482129375","18.0","39.0"
"1482129676","18.0","39.0"
"1482129978","18.0","39.0"
"1482130279","18.0","39.0"
"1482130579","18.0","39.0"
"1482130880","18.0","39.0"
"1482131181","18.0","39.0"
"1482131784","18.0","39.0"
"1482132084","18.0","39.0"
"1482132385","18.0","39.0"
"1482132685","18.0","39.0"
"1482132986","18.0","39.0"
"1482133287","18.0","39.0"
"1482133588","18.0","39.0"
"1482133889","18.0","39.0"
"1482134189","18.0","39.0"
"1482134491","18.0","39.0"
"1482134793","18.0","39.0"
"1482135094","18.0","39.0"
"1482135394","18.0","39.0"
"1482135997","18.0","38.0"
"1482136298","18.0","39.0"
"1482136599","18.0","39.0"
"1482136900","18.0","39.0"
"1482137201","18.0","39.0"
"1482137502","18.0","39.0"
"1482137803","18.0","39.0"
"1482138104","18.0","39.0"
"1482138404","18.0","39.0"
"1482138705","18.0","39.0"
"1482139006","18.0","39.0"
"1482139306","18.0","39.0"
"1482139607","18.0","39.0"
"1482139907","18.0","39.0"
"1482140208","18.0","39.0"
"1482140508","18.0","39.0"
"1482140809","18.0","39.0"
"1482141110","18.0","39.0"
"1482141410","18.0","39.0"
"1482141711","18.0","39.0"
"1482142011","18.0","39.0"
"1482142312","18.0","39.0"
"1482142613","18.0","39.0"
"1482142914","18.0","39.0"
"1482143215","18.0","39.0"
"1482143517","18.0","39.0"
"1482143819","18.0","39.0"
"1482144121","18.0","39.0"
"1482144723","18.0","39.0"
"1482145326","18.0","39.0"
"1482145930","18.0","39.0"
"1482146230","18.0","38.0"
"1482146532","18.0","39.0"
"1482146833","18.0","39.0"
"1482147133","18.0","39.0"
"1482147434","18.0","39.0"
"1482147736","18.0","39.0"
"1482148037","18.0","39.0"
"1482148338","18.0","39.0"
"1482148638","18.0","39.0"
"1482149241","18.0","39.0"
"1482149543","18.0","39.0"
"1482149844","18.0","39.0"
"1482150145","18.0","39.0"
"1482150435","18.0","39.0"
"1482151038","18.0","39.0"
"1482151338","18.0","39.0"
"1482151639","18.0","39.0"
"1482151939","18.0","39.0"
"1482152240","18.0","39.0"
"1482152541","18.0","39.0"
"1482152842","18.0","39.0"
"1482153144","18.0","39.0"
"1482153446","18.0","39.0"
"1482153748","18.0","39.0"
"1482154049","18.0","39.0"
"1482154350","18.0","39.0"
"1482154651","18.0","39.0"
"1482154951","18.0","39.0"
"1482155252","18.0","39.0"
"1482155553","18.0","39.0"
"1482155854","18.0","39.0"
"1482156154","18.0","39.0"
"1482156456","18.0","39.0"
"1482156757","18.0","39.0"
"1482157057","18.0","39.0"
"1482157359","18.0","39.0"
"1482157660","18.0","39.0"
"1482157961","18.0","39.0"
"1482158262","18.0","39.0"
"1482158562","18.0","39.0"
"1482158863","18.0","39.0"
"1482159165","18.0","39.0"
"1482159465","18.0","39.0"
"1482159766","18.0","39.0"
"1482160067","18.0","39.0"
"1482160368","18.0","39.0"
"1482160669","18.0","39.0"
"1482160970","18.0","39.0"
"1482161270","18.0","39.0"
"1482161571","18.0","39.0"
"1482161871","18.0","39.0"
"1482162173","18.0","39.0"
"1482162473","18.0","39.0"
"1482162774","18.0","39.0"
"1482163075","18.0","39.0"
"1482163376","18.0","39.0"
"1482163677","18.0","39.0"
"1482163977","18.0","39.0"
"1482164278","18.0","39.0"
"1482164580","18.0","39.0"
"1482165183","18.0","39.0"
"1482165484","18.0","39.0"
"1482165785","18.0","39.0"
"1482166085","18.0","39.0"
"1482166386","18.0","39.0"
"1482166687","18.0","39.0"
"1482166988","18.0","39.0"
"1482167289","18.0","39.0"
"1482167590","18.0","39.0"
"1482167892","18.0","39.0"
"1482168193","18.0","39.0"
"1482168494","18.0","39.0"
"1482168795","18.0","39.0"
"1482169095","18.0","39.0"
"1482169396","18.0","39.0"
"1482169697","18.0","39.0"
"1482169998","18.0","39.0"
"1482170602","18.0","39.0"
"1482171205","18.0","39.0"
"1482171505","18.0","39.0"
"1482171806","18.0","39.0"
"1482172107","18.0","39.0"
"1482172408","18.0","39.0"
"1482172709","18.0","39.0"
"1482173010","18.0","39.0"
"1482173310","18.0","39.0"
"1482173611","18.0","39.0"
"1482173912","18.0","39.0"
"1482174514","18.0","39.0"
"1482174815","18.0","39.0"
"1482175115","18.0","39.0"
"1482175416","18.0","39.0"
"1482175717","18.0","39.0"
"1482176320","18.0","40.0"
"1482176621","18.0","39.0"
"1482176922","18.0","39.0"
"1482177222","18.0","39.0"
"1482177523","18.0","39.0"
"1482177824","18.0","39.0"
"1482178125","18.0","39.0"
"1482178425","18.0","39.0"
"1482178726","18.0","39.0"
"1482179028","18.0","39.0"
"1482179329","18.0","39.0"
"1482179629","18.0","39.0"
"1482179930","18.0","39.0"
"1482180230","17.0","39.0"
"1482180834","17.0","39.0"
"1482181134","18.0","39.0"
"1482181737","18.0","39.0"
"1482182037","17.0","39.0"
"1482182338","17.0","39.0"
"1482182639","17.0","39.0"
"1482182940","17.0","39.0"
"1482183241","18.0","39.0"
"1482183542","18.0","39.0"
"1482183844","18.0","39.0"
"1482184145","18.0","39.0"
"1482184446","18.0","39.0"
"1482184747","18.0","39.0"
"1482185048","18.0","39.0"
"1482185348","18.0","39.0"
"1482185649","18.0","39.0"
"1482185950","19.0","38.0"
"1482186251","19.0","38.0"
"1482186552","19.0","38.0"
"1482186852","19.0","38.0"
"1482187154","19.0","38.0"
"1482187456","19.0","38.0"
"1482187757","19.0","38.0"
"1482188057","19.0","38.0"
"1482188358","19.0","38.0"
"1482188659","19.0","38.0"
"1482188960","19.0","38.0"
"1482189261","19.0","38.0"
"1482189562","19.0","38.0"
"1482189785","19.0","38.0"
"1482190085","19.0","38.0"
"1482190386","19.0","38.0"
"1482190687","19.0","38.0"
"1482190733","19.0","38.0"
"1482191034","19.0","38.0"
"1482191335","19.0","38.0"
"1482191635","19.0","38.0"
"1482191936","18.0","39.0"
"1482192236","18.0","39.0"
"1482192538","19.0","38.0"
"1482192839","18.0","39.0"
"1482193140","18.0","39.0"
"1482193441","18.0","39.0"
"1482193742","18.0","39.0"
"1482194042","18.0","39.0"
"1482194343","18.0","39.0"
"1482194644","18.0","39.0"
"1482194946","18.0","39.0"
"1482195247","18.0","39.0"
"1482195547","18.0","39.0"
"1482195848","18.0","39.0"
"1482196149","18.0","39.0"
"1482196450","18.0","39.0"
"1482196750","18.0","39.0"
"1482197051","18.0","39.0"
"1482197352","18.0","39.0"
"1482197653","18.0","39.0"
"1482197955","18.0","39.0"
"1482198256","18.0","39.0"
"1482198557","18.0","39.0"
"1482198859","18.0","39.0"
"1482199160","18.0","39.0"
"1482199461","18.0","39.0"
"1482199762","18.0","39.0"
"1482200365","18.0","39.0"
"1482200667","18.0","39.0"
"1482200968","18.0","39.0"
"1482201268","18.0","39.0"
"1482201569","18.0","39.0"
"1482201871","18.0","39.0"
"1482202172","18.0","39.0"
"1482202473","18.0","39.0"
"1482202773","18.0","39.0"
"1482203074","18.0","39.0"
"1482203375","18.0","39.0"
"1482203676","18.0","39.0"
"1482204279","18.0","39.0"
"1482204580","18.0","39.0"
"1482204880","18.0","40.0"
"1482205181","18.0","39.0"
"1482205482","18.0","39.0"
"1482205782","18.0","39.0"
"1482206083","18.0","39.0"
"1482206383","18.0","39.0"
"1482206685","18.0","39.0"
"1482206986","18.0","39.0"
"1482207288","18.0","39.0"
"1482207588","18.0","39.0"
"1482207889","18.0","39.0"
"1482208190","18.0","39.0"
"1482208491","18.0","39.0"
"1482208792","18.0","39.0"
"1482209093","18.0","39.0"
"1482209394","18.0","39.0"
"1482209695","18.0","39.0"
"1482210298","18.0","39.0"
"1482210599","18.0","39.0"
"1482210900","18.0","39.0"
"1482211201","18.0","39.0"
"1482211502","18.0","39.0"
"1482211803","18.0","39.0"
"1482212103","18.0","39.0"
"1482212404","18.0","39.0"
"1482212705","18.0","39.0"
"1482213006","18.0","39.0"
"1482213307","18.0","39.0"
"1482213608","18.0","39.0"
"1482213909","18.0","39.0"
"1482214210","18.0","39.0"
"1482214511","18.0","39.0"
"1482214811","18.0","39.0"
"1482215112","18.0","39.0"
"1482215714","18.0","39.0"
"1482216016","18.0","39.0"
"1482216316","18.0","39.0"
"1482216618","18.0","39.0"
"1482216920","18.0","39.0"
"1482217220","18.0","39.0"
"1482217521","18.0","39.0"
"1482217823","18.0","39.0"
"1482218124","18.0","39.0"
"1482218424","18.0","39.0"
"1482218725","18.0","39.0"
"1482219025","18.0","39.0"
"1482219326","18.0","39.0"
"1482219628","18.0","39.0"
"1482219929","18.0","39.0"
"1482220230","17.0","39.0"
"1482220531","17.0","39.0"
"1482220833","18.0","39.0"
"1482221134","18.0","39.0"
"1482221435","18.0","39.0"
"1482221736","18.0","39.0"
"1482222036","18.0","39.0"
"1482222337","17.0","39.0"
"1482222940","18.0","39.0"
"1482223241","18.0","40.0"
"1482223542","17.0","39.0"
"1482223843","17.0","39.0"
"1482224144","18.0","39.0"
"1482224444","18.0","39.0"
"1482224745","18.0","39.0"
"1482225046","18.0","39.0"
"1482225650","18.0","39.0"
"1482225952","18.0","39.0"
"1482226253","17.0","39.0"
"1482226555","17.0","39.0"
"1482226855","18.0","39.0"
"1482227156","17.0","39.0"
"1482227457","17.0","39.0"
"1482227758","17.0","39.0"
"1482228059","17.0","39.0"
"1482228359","17.0","39.0"
"1482228660","17.0","39.0"
"1482228961","17.0","39.0"
"1482229261","17.0","39.0"
"1482229864","17.0","39.0"
"1482230164","17.0","39.0"
"1482230465","17.0","39.0"
"1482230766","17.0","39.0"
"1482231067","17.0","39.0"
"1482231368","17.0","39.0"
"1482231668","17.0","39.0"
"1482231969","17.0","39.0"
"1482232270","17.0","39.0"
"1482232571","17.0","39.0"
"1482232871","17.0","39.0"
"1482233173","17.0","39.0"
"1482233474","17.0","39.0"
"1482233775","17.0","39.0"
"1482234077","17.0","39.0"
"1482234377","17.0","39.0"
"1482234679","17.0","39.0"
"1482234979","17.0","39.0"
"1482235281","17.0","39.0"
"1482235581","17.0","39.0"
"1482235882","17.0","39.0"
"1482236183","17.0","39.0"
"1482236483","17.0","39.0"
"1482236784","17.0","39.0"
"1482237085","17.0","39.0"
"1482237385","17.0","39.0"
"1482237686","17.0","39.0"
"1482237987","17.0","39.0"
"1482238288","17.0","39.0"
"1482238588","17.0","39.0"
"1482238890","17.0","39.0"
"1482239191","17.0","39.0"
"1482239493","17.0","39.0"
"1482239793","17.0","39.0"
"1482240094","17.0","39.0"
"1482240394","17.0","39.0"
"1482240695","17.0","39.0"
"1482240996","17.0","39.0"
"1482241297","17.0","39.0"
"1482241598","17.0","39.0"
"1482241899","17.0","39.0"
"1482242200","17.0","39.0"
"1482242500","17.0","39.0"
"1482242801","17.0","39.0"
"1482243102","17.0","39.0"
"1482243402","17.0","39.0"
"1482243703","17.0","39.0"
"1482244003","17.0","39.0"
"1482244305","17.0","39.0"
"1482244606","17.0","39.0"
"1482244907","17.0","39.0"
"1482245208","17.0","39.0"
"1482245509","17.0","39.0"
"1482245810","17.0","39.0"
"1482246111","17.0","39.0"
"1482246412","17.0","39.0"
"1482246712","17.0","39.0"
"1482247013","17.0","39.0"
"1482247314","17.0","39.0"
"1482247916","17.0","39.0"
"1482248216","17.0","39.0"
"1482248517","17.0","39.0"
"1482248818","17.0","39.0"
"1482249119","17.0","39.0"
"1482249420","17.0","39.0"
"1482249721","17.0","39.0"
"1482250022","17.0","39.0"
"1482250322","17.0","39.0"
"1482250623","17.0","39.0"
"1482250924","17.0","39.0"
"1482251225","17.0","39.0"
"1482251525","17.0","39.0"
"1482251826","17.0","39.0"
"1482252127","17.0","39.0"
"1482252428","17.0","39.0"
"1482252728","17.0","39.0"
"1482253029","17.0","39.0"
"1482253330","17.0","39.0"
"1482253630","17.0","39.0"
"1482253931","17.0","39.0"
"1482254232","17.0","39.0"
"1482254532","17.0","39.0"
"1482254833","17.0","39.0"
"1482255134","17.0","39.0"
"1482255736","17.0","39.0"
"1482256037","17.0","39.0"
"1482256337","17.0","39.0"
"1482256638","17.0","39.0"
"1482256939","17.0","39.0"
"1482257241","17.0","39.0"
"1482257541","17.0","39.0"
"1482257842","17.0","39.0"
"1482258143","17.0","39.0"
"1482258444","17.0","39.0"
"1482259047","17.0","39.0"
"1482259347","17.0","39.0"
"1482259648","17.0","39.0"
"1482259950","17.0","39.0"
"1482260251","17.0","39.0"
"1482260552","17.0","39.0"
"1482260852","17.0","39.0"
"1482261153","17.0","39.0"
"1482261453","17.0","39.0"
"1482261755","17.0","39.0"
"1482262057","17.0","39.0"
"1482262357","17.0","39.0"
"1482262658","17.0","39.0"
"1482262958","17.0","39.0"
"1482263259","17.0","39.0"
"1482263559","17.0","39.0"
"1482263860","17.0","39.0"
"1482264161","17.0","39.0"
"1482264462","17.0","39.0"
"1482264763","17.0","39.0"
"1482265063","17.0","39.0"
"1482265364","17.0","39.0"
"1482265664","17.0","39.0"
"1482265966","17.0","39.0"
"1482266268","17.0","39.0"
"1482266569","17.0","39.0"
"1482266870","17.0","39.0"
"1482267170","17.0","39.0"
"1482267471","17.0","39.0"
"1482267772","17.0","39.0"
"1482268072","17.0","39.0"
"1482268373","17.0","39.0"
"1482268674","17.0","39.0"
"1482268975","17.0","39.0"
"1482269276","17.0","39.0"
"1482269577","17.0","39.0"
"1482269878","17.0","39.0"
"1482270179","17.0","39.0"
"1482270479","17.0","39.0"
"1482270780","17.0","39.0"
"1482271080","17.0","39.0"
"1482271381","18.0","39.0"
"1482271983","18.0","39.0"
"1482272284","18.0","39.0"
"1482272584","18.0","39.0"
"1482272885","18.0","39.0"
"1482273487","18.0","39.0"
"1482273788","18.0","39.0"
"1482274089","18.0","39.0"
"1482274389","18.0","39.0"
"1482274690","18.0","39.0"
"1482274991","18.0","39.0"
"1482275072","18.0","39.0"
"1482275372","18.0","39.0"
"1482275673","18.0","39.0"
"1482275974","18.0","39.0"
"1482276275","18.0","39.0"
"1482276577","18.0","39.0"
"1482277179","18.0","39.0"
"1482277480","18.0","39.0"
"1482277780","18.0","39.0"
"1482278082","19.0","39.0"
"1482278382","18.0","39.0"
"1482278683","18.0","39.0"
